18S_rRNA,18S_rRNA.1,DOID:9643,Babesiosis,7.240,3.620,https://diseases.jensenlab.org/Entity?documents=10&type1=9606&id1=18S_rRNA&type2=-26&id2=DOID:9643
BACE1-AS,BACE1-AS,DOID:10652,Alzheimer's disease,5.05,2.525,https://diseases.jensenlab.org/Entity?documents=10&type1=9606&id1=BACE1-AS&type2=-26&id2=DOID:10652
BCYRN1,BCYRN1,DOID:10652,Alzheimer's disease,3.91,1.955,https://diseases.jensenlab.org/Entity?documents=10&type1=9606&id1=BCYRN1&type2=-26&id2=DOID:10652
ENSP00000012049,QPCTL,DOID:10652,Alzheimer's disease,3.021,1.511,https://diseases.jensenlab.org/Entity?documents=10&type1=9606&id1=ENSP00000012049&type2=-26&id2=DOID:10652
ENSP00000075120,SLC2A3,DOID:10652,Alzheimer's disease,4.714,2.357,https://diseases.jensenlab.org/Entity?documents=10&type1=9606&id1=ENSP00000075120&type2=-26&id2=DOID:10652
ENSP00000168216,HSD17B10,DOID:10652,Alzheimer's disease,4.403,2.201,https://diseases.jensenlab.org/Entity?documents=10&type1=9606&id1=ENSP00000168216&type2=-26&id2=DOID:10652
ENSP00000198536,PILRA,DOID:10652,Alzheimer's disease,3.856,1.928,https://diseases.jensenlab.org/Entity?documents=10&type1=9606&id1=ENSP00000198536&type2=-26&id2=DOID:10652
ENSP00000199447,NME8,DOID:10652,Alzheimer's disease,4.234,2.117,https://diseases.jensenlab.org/Entity?documents=10&type1=9606&id1=ENSP00000199447&type2=-26&id2=DOID:10652
ENSP00000200676,CETP,DOID:10652,Alzheimer's disease,3.965,1.982,https://diseases.jensenlab.org/Entity?documents=10&type1=9606&id1=ENSP00000200676&type2=-26&id2=DOID:10652
ENSP00000216487,RIN3,DOID:10652,Alzheimer's disease,4.421,2.211,https://diseases.jensenlab.org/Entity?documents=10&type1=9606&id1=ENSP00000216487&type2=-26&id2=DOID:10652
ENSP00000216629,BDKRB1,DOID:10652,Alzheimer's disease,3.214,1.607,https://diseases.jensenlab.org/Entity?documents=10&type1=9606&id1=ENSP00000216629&type2=-26&id2=DOID:10652
ENSP00000216862,CYP24A1,DOID:10652,Alzheimer's disease,3.56,1.78,https://diseases.jensenlab.org/Entity?documents=10&type1=9606&id1=ENSP00000216862&type2=-26&id2=DOID:10652
ENSP00000217971,PGRMC1,DOID:10652,Alzheimer's disease,3.708,1.854,https://diseases.jensenlab.org/Entity?documents=10&type1=9606&id1=ENSP00000217971&type2=-26&id2=DOID:10652
ENSP00000221891,APLP1,DOID:10652,Alzheimer's disease,5.539,2.77,https://diseases.jensenlab.org/Entity?documents=10&type1=9606&id1=ENSP00000221891&type2=-26&id2=DOID:10652
ENSP00000222330,GSK3A,DOID:10652,Alzheimer's disease,5.359,2.679,https://diseases.jensenlab.org/Entity?documents=10&type1=9606&id1=ENSP00000222330&type2=-26&id2=DOID:10652
ENSP00000225941,ABI3,DOID:10652,Alzheimer's disease,4.297,2.149,https://diseases.jensenlab.org/Entity?documents=10&type1=9606&id1=ENSP00000225941&type2=-26&id2=DOID:10652
ENSP00000233535,SLC30A3,DOID:10652,Alzheimer's disease,4.659,2.329,https://diseases.jensenlab.org/Entity?documents=10&type1=9606&id1=ENSP00000233535&type2=-26&id2=DOID:10652
ENSP00000236850,APOA1,DOID:10652,Alzheimer's disease,5.096,2.548,https://diseases.jensenlab.org/Entity?documents=10&type1=9606&id1=ENSP00000236850&type2=-26&id2=DOID:10652
ENSP00000240306,DLX4,DOID:10652,Alzheimer's disease,3.417,1.708,https://diseases.jensenlab.org/Entity?documents=10&type1=9606&id1=ENSP00000240306&type2=-26&id2=DOID:10652
ENSP00000240652,IAPP,DOID:10652,Alzheimer's disease,6.007,3.003,https://diseases.jensenlab.org/Entity?documents=10&type1=9606&id1=ENSP00000240652&type2=-26&id2=DOID:10652
ENSP00000243077,LRP1,DOID:10652,Alzheimer's disease,5.688,2.844,https://diseases.jensenlab.org/Entity?documents=10&type1=9606&id1=ENSP00000243077&type2=-26&id2=DOID:10652
ENSP00000248933,SEZ6L,DOID:10652,Alzheimer's disease,3.23,1.615,https://diseases.jensenlab.org/Entity?documents=10&type1=9606&id1=ENSP00000248933&type2=-26&id2=DOID:10652
ENSP00000249041,GALR3,DOID:10652,Alzheimer's disease,3.196,1.598,https://diseases.jensenlab.org/Entity?documents=10&type1=9606&id1=ENSP00000249041&type2=-26&id2=DOID:10652
ENSP00000252482,EXOC3L2,DOID:10652,Alzheimer's disease,3.925,1.962,https://diseases.jensenlab.org/Entity?documents=10&type1=9606&id1=ENSP00000252482&type2=-26&id2=DOID:10652
ENSP00000252483,NECTIN2,DOID:10652,Alzheimer's disease,3.662,1.831,https://diseases.jensenlab.org/Entity?documents=10&type1=9606&id1=ENSP00000252483&type2=-26&id2=DOID:10652
ENSP00000252486,APOE,DOID:10652,Alzheimer's disease,8.461,4.0,https://diseases.jensenlab.org/Entity?documents=10&type1=9606&id1=ENSP00000252486&type2=-26&id2=DOID:10652
ENSP00000255040,APCS,DOID:10652,Alzheimer's disease,4.277,2.138,https://diseases.jensenlab.org/Entity?documents=10&type1=9606&id1=ENSP00000255040&type2=-26&id2=DOID:10652
ENSP00000255409,CHI3L1,DOID:10652,Alzheimer's disease,5.132,2.566,https://diseases.jensenlab.org/Entity?documents=10&type1=9606&id1=ENSP00000255409&type2=-26&id2=DOID:10652
ENSP00000256509,CHL1,DOID:10652,Alzheimer's disease,3.173,1.587,https://diseases.jensenlab.org/Entity?documents=10&type1=9606&id1=ENSP00000256509&type2=-26&id2=DOID:10652
ENSP00000257548,USP30,DOID:10652,Alzheimer's disease,3.364,1.682,https://diseases.jensenlab.org/Entity?documents=10&type1=9606&id1=ENSP00000257548&type2=-26&id2=DOID:10652
ENSP00000257626,GSAP,DOID:10652,Alzheimer's disease,4.301,2.151,https://diseases.jensenlab.org/Entity?documents=10&type1=9606&id1=ENSP00000257626&type2=-26&id2=DOID:10652
ENSP00000257915,TFCP2,DOID:10652,Alzheimer's disease,3.149,1.575,https://diseases.jensenlab.org/Entity?documents=10&type1=9606&id1=ENSP00000257915&type2=-26&id2=DOID:10652
ENSP00000258080,HTRA2,DOID:10652,Alzheimer's disease,4.311,2.156,https://diseases.jensenlab.org/Entity?documents=10&type1=9606&id1=ENSP00000258080&type2=-26&id2=DOID:10652
ENSP00000260197,SORL1,DOID:10652,Alzheimer's disease,6.394,3.197,https://diseases.jensenlab.org/Entity?documents=10&type1=9606&id1=ENSP00000260197&type2=-26&id2=DOID:10652
ENSP00000260408,ADAM10,DOID:10652,Alzheimer's disease,6.198,3.099,https://diseases.jensenlab.org/Entity?documents=10&type1=9606&id1=ENSP00000260408&type2=-26&id2=DOID:10652
ENSP00000260743,CALHM2,DOID:10652,Alzheimer's disease,3.565,1.783,https://diseases.jensenlab.org/Entity?documents=10&type1=9606&id1=ENSP00000260743&type2=-26&id2=DOID:10652
ENSP00000260818,DNAJC13,DOID:10652,Alzheimer's disease,3.438,1.719,https://diseases.jensenlab.org/Entity?documents=10&type1=9606&id1=ENSP00000260818&type2=-26&id2=DOID:10652
ENSP00000261367,SNCAIP,DOID:10652,Alzheimer's disease,4.03,2.015,https://diseases.jensenlab.org/Entity?documents=10&type1=9606&id1=ENSP00000261367&type2=-26&id2=DOID:10652
ENSP00000261714,BLMH,DOID:10652,Alzheimer's disease,3.372,1.686,https://diseases.jensenlab.org/Entity?documents=10&type1=9606&id1=ENSP00000261714&type2=-26&id2=DOID:10652
ENSP00000261835,CYP46A1,DOID:10652,Alzheimer's disease,5.193,2.596,https://diseases.jensenlab.org/Entity?documents=10&type1=9606&id1=ENSP00000261835&type2=-26&id2=DOID:10652
ENSP00000261854,SPPL2A,DOID:10652,Alzheimer's disease,3.191,1.596,https://diseases.jensenlab.org/Entity?documents=10&type1=9606&id1=ENSP00000261854&type2=-26&id2=DOID:10652
ENSP00000261867,SLC30A4,DOID:10652,Alzheimer's disease,3.273,1.636,https://diseases.jensenlab.org/Entity?documents=10&type1=9606&id1=ENSP00000261867&type2=-26&id2=DOID:10652
ENSP00000261879,APH1B,DOID:10652,Alzheimer's disease,4.888,2.444,https://diseases.jensenlab.org/Entity?documents=10&type1=9606&id1=ENSP00000261879&type2=-26&id2=DOID:10652
ENSP00000262262,CD33,DOID:10652,Alzheimer's disease,5.287,2.643,https://diseases.jensenlab.org/Entity?documents=10&type1=9606&id1=ENSP00000262262&type2=-26&id2=DOID:10652
ENSP00000262629,TYROBP,DOID:10652,Alzheimer's disease,5.556,2.778,https://diseases.jensenlab.org/Entity?documents=10&type1=9606&id1=ENSP00000262629&type2=-26&id2=DOID:10652
ENSP00000262891,MARK4,DOID:10652,Alzheimer's disease,4.294,2.147,https://diseases.jensenlab.org/Entity?documents=10&type1=9606&id1=ENSP00000262891&type2=-26&id2=DOID:10652
ENSP00000263054,SORCS1,DOID:10652,Alzheimer's disease,4.445,2.223,https://diseases.jensenlab.org/Entity?documents=10&type1=9606&id1=ENSP00000263054&type2=-26&id2=DOID:10652
ENSP00000263094,ABCA7,DOID:10652,Alzheimer's disease,6.192,3.096,https://diseases.jensenlab.org/Entity?documents=10&type1=9606&id1=ENSP00000263094&type2=-26&id2=DOID:10652
ENSP00000264005,LCAT,DOID:10652,Alzheimer's disease,3.422,1.711,https://diseases.jensenlab.org/Entity?documents=10&type1=9606&id1=ENSP00000264005&type2=-26&id2=DOID:10652
ENSP00000264198,MUL1,DOID:10652,Alzheimer's disease,3.611,1.806,https://diseases.jensenlab.org/Entity?documents=10&type1=9606&id1=ENSP00000264198&type2=-26&id2=DOID:10652
ENSP00000264381,BCHE,DOID:10652,Alzheimer's disease,7.283,3.641,https://diseases.jensenlab.org/Entity?documents=10&type1=9606&id1=ENSP00000264381&type2=-26&id2=DOID:10652
ENSP00000264710,RAB10,DOID:10652,Alzheimer's disease,3.945,1.972,https://diseases.jensenlab.org/Entity?documents=10&type1=9606&id1=ENSP00000264710&type2=-26&id2=DOID:10652
ENSP00000264771,TMEM175,DOID:10652,Alzheimer's disease,3.746,1.873,https://diseases.jensenlab.org/Entity?documents=10&type1=9606&id1=ENSP00000264771&type2=-26&id2=DOID:10652
ENSP00000265381,APBA1,DOID:10652,Alzheimer's disease,4.159,2.079,https://diseases.jensenlab.org/Entity?documents=10&type1=9606&id1=ENSP00000265381&type2=-26&id2=DOID:10652
ENSP00000265634,NPTX2,DOID:10652,Alzheimer's disease,4.335,2.167,https://diseases.jensenlab.org/Entity?documents=10&type1=9606&id1=ENSP00000265634&type2=-26&id2=DOID:10652
ENSP00000265643,GAL,DOID:10652,Alzheimer's disease,4.72,2.36,https://diseases.jensenlab.org/Entity?documents=10&type1=9606&id1=ENSP00000265643&type2=-26&id2=DOID:10652
ENSP00000265708,ADAM2,DOID:10652,Alzheimer's disease,3.093,1.546,https://diseases.jensenlab.org/Entity?documents=10&type1=9606&id1=ENSP00000265708&type2=-26&id2=DOID:10652
ENSP00000265986,IDE,DOID:10652,Alzheimer's disease,6.53,3.265,https://diseases.jensenlab.org/Entity?documents=10&type1=9606&id1=ENSP00000265986&type2=-26&id2=DOID:10652
ENSP00000266087,FBXO7,DOID:10652,Alzheimer's disease,3.887,1.943,https://diseases.jensenlab.org/Entity?documents=10&type1=9606&id1=ENSP00000266087&type2=-26&id2=DOID:10652
ENSP00000266546,CLSTN3,DOID:10652,Alzheimer's disease,3.616,1.808,https://diseases.jensenlab.org/Entity?documents=10&type1=9606&id1=ENSP00000266546&type2=-26&id2=DOID:10652
ENSP00000268383,CDR2,DOID:10652,Alzheimer's disease,4.412,2.206,https://diseases.jensenlab.org/Entity?documents=10&type1=9606&id1=ENSP00000268383&type2=-26&id2=DOID:10652
ENSP00000270349,SLC6A3,DOID:10652,Alzheimer's disease,5.886,2.943,https://diseases.jensenlab.org/Entity?documents=10&type1=9606&id1=ENSP00000270349&type2=-26&id2=DOID:10652
ENSP00000271234,FNBP1L,DOID:10652,Alzheimer's disease,3.085,1.542,https://diseases.jensenlab.org/Entity?documents=10&type1=9606&id1=ENSP00000271234&type2=-26&id2=DOID:10652
ENSP00000274793,PLA2G7,DOID:10652,Alzheimer's disease,3.503,1.752,https://diseases.jensenlab.org/Entity?documents=10&type1=9606&id1=ENSP00000274793&type2=-26&id2=DOID:10652
ENSP00000275216,TAAR1,DOID:10652,Alzheimer's disease,3.198,1.599,https://diseases.jensenlab.org/Entity?documents=10&type1=9606&id1=ENSP00000275216&type2=-26&id2=DOID:10652
ENSP00000275815,EPHA1,DOID:10652,Alzheimer's disease,5.005,2.502,https://diseases.jensenlab.org/Entity?documents=10&type1=9606&id1=ENSP00000275815&type2=-26&id2=DOID:10652
ENSP00000283752,SERPINB3,DOID:10652,Alzheimer's disease,3.331,1.665,https://diseases.jensenlab.org/Entity?documents=10&type1=9606&id1=ENSP00000283752&type2=-26&id2=DOID:10652
ENSP00000284292,NRGN,DOID:10652,Alzheimer's disease,5.586,2.793,https://diseases.jensenlab.org/Entity?documents=10&type1=9606&id1=ENSP00000284292&type2=-26&id2=DOID:10652
ENSP00000284509,ATP8B4,DOID:10652,Alzheimer's disease,3.001,1.501,https://diseases.jensenlab.org/Entity?documents=10&type1=9606&id1=ENSP00000284509&type2=-26&id2=DOID:10652
ENSP00000284981,APP,DOID:10652,Alzheimer's disease,9.116,4.0,https://diseases.jensenlab.org/Entity?documents=10&type1=9606&id1=ENSP00000284981&type2=-26&id2=DOID:10652
ENSP00000288139,CACNA1D,DOID:10652,Alzheimer's disease,3.763,1.881,https://diseases.jensenlab.org/Entity?documents=10&type1=9606&id1=ENSP00000288139&type2=-26&id2=DOID:10652
ENSP00000288266,APPL1,DOID:10652,Alzheimer's disease,3.945,1.972,https://diseases.jensenlab.org/Entity?documents=10&type1=9606&id1=ENSP00000288266&type2=-26&id2=DOID:10652
ENSP00000289248,RHBDL2,DOID:10652,Alzheimer's disease,4.363,2.182,https://diseases.jensenlab.org/Entity?documents=10&type1=9606&id1=ENSP00000289248&type2=-26&id2=DOID:10652
ENSP00000289753,HTR6,DOID:10652,Alzheimer's disease,4.532,2.266,https://diseases.jensenlab.org/Entity?documents=10&type1=9606&id1=ENSP00000289753&type2=-26&id2=DOID:10652
ENSP00000289902,FCER1G,DOID:10652,Alzheimer's disease,3.344,1.672,https://diseases.jensenlab.org/Entity?documents=10&type1=9606&id1=ENSP00000289902&type2=-26&id2=DOID:10652
ENSP00000291539,PDE9A,DOID:10652,Alzheimer's disease,3.633,1.816,https://diseases.jensenlab.org/Entity?documents=10&type1=9606&id1=ENSP00000291539&type2=-26&id2=DOID:10652
ENSP00000294785,NCSTN,DOID:10652,Alzheimer's disease,6.264,3.132,https://diseases.jensenlab.org/Entity?documents=10&type1=9606&id1=ENSP00000294785&type2=-26&id2=DOID:10652
ENSP00000295206,EN1,DOID:10652,Alzheimer's disease,3.39,1.695,https://diseases.jensenlab.org/Entity?documents=10&type1=9606&id1=ENSP00000295206&type2=-26&id2=DOID:10652
ENSP00000295225,KCNIP3,DOID:10652,Alzheimer's disease,3.981,1.991,https://diseases.jensenlab.org/Entity?documents=10&type1=9606&id1=ENSP00000295225&type2=-26&id2=DOID:10652
ENSP00000296350,MELTF,DOID:10652,Alzheimer's disease,3.293,1.647,https://diseases.jensenlab.org/Entity?documents=10&type1=9606&id1=ENSP00000296350&type2=-26&id2=DOID:10652
ENSP00000298910,LRRK2,DOID:10652,Alzheimer's disease,5.891,2.946,https://diseases.jensenlab.org/Entity?documents=10&type1=9606&id1=ENSP00000298910&type2=-26&id2=DOID:10652
ENSP00000299138,VPS35,DOID:10652,Alzheimer's disease,5.293,2.646,https://diseases.jensenlab.org/Entity?documents=10&type1=9606&id1=ENSP00000299138&type2=-26&id2=DOID:10652
ENSP00000299727,GALR1,DOID:10652,Alzheimer's disease,3.347,1.674,https://diseases.jensenlab.org/Entity?documents=10&type1=9606&id1=ENSP00000299727&type2=-26&id2=DOID:10652
ENSP00000299847,CHRFAM7A,DOID:10652,Alzheimer's disease,3.571,1.785,https://diseases.jensenlab.org/Entity?documents=10&type1=9606&id1=ENSP00000299847&type2=-26&id2=DOID:10652
ENSP00000300179,NYAP1,DOID:10652,Alzheimer's disease,3.011,1.505,https://diseases.jensenlab.org/Entity?documents=10&type1=9606&id1=ENSP00000300179&type2=-26&id2=DOID:10652
ENSP00000300182,MS4A6E,DOID:10652,Alzheimer's disease,4.26,2.13,https://diseases.jensenlab.org/Entity?documents=10&type1=9606&id1=ENSP00000300182&type2=-26&id2=DOID:10652
ENSP00000300226,MS4A8,DOID:10652,Alzheimer's disease,3.632,1.816,https://diseases.jensenlab.org/Entity?documents=10&type1=9606&id1=ENSP00000300226&type2=-26&id2=DOID:10652
ENSP00000300900,CA4,DOID:10652,Alzheimer's disease,5.329,2.665,https://diseases.jensenlab.org/Entity?documents=10&type1=9606&id1=ENSP00000300900&type2=-26&id2=DOID:10652
ENSP00000302648,NRTN,DOID:10652,Alzheimer's disease,3.849,1.924,https://diseases.jensenlab.org/Entity?documents=10&type1=9606&id1=ENSP00000302648&type2=-26&id2=DOID:10652
ENSP00000303145,TMED10,DOID:10652,Alzheimer's disease,3.952,1.976,https://diseases.jensenlab.org/Entity?documents=10&type1=9606&id1=ENSP00000303145&type2=-26&id2=DOID:10652
ENSP00000303211,ACHE,DOID:10652,Alzheimer's disease,7.426,3.713,https://diseases.jensenlab.org/Entity?documents=10&type1=9606&id1=ENSP00000303211&type2=-26&id2=DOID:10652
ENSP00000303634,LRP8,DOID:10652,Alzheimer's disease,5.104,2.552,https://diseases.jensenlab.org/Entity?documents=10&type1=9606&id1=ENSP00000303634&type2=-26&id2=DOID:10652
ENSP00000304467,THOP1,DOID:10652,Alzheimer's disease,4.117,2.059,https://diseases.jensenlab.org/Entity?documents=10&type1=9606&id1=ENSP00000304467&type2=-26&id2=DOID:10652
ENSP00000305742,LRTOMT,DOID:10652,Alzheimer's disease,4.678,2.339,https://diseases.jensenlab.org/Entity?documents=10&type1=9606&id1=ENSP00000305742&type2=-26&id2=DOID:10652
ENSP00000306129,DRD5,DOID:10652,Alzheimer's disease,3.102,1.551,https://diseases.jensenlab.org/Entity?documents=10&type1=9606&id1=ENSP00000306129&type2=-26&id2=DOID:10652
ENSP00000306449,GPR37,DOID:10652,Alzheimer's disease,3.782,1.891,https://diseases.jensenlab.org/Entity?documents=10&type1=9606&id1=ENSP00000306449&type2=-26&id2=DOID:10652
ENSP00000307134,CTNND2,DOID:10652,Alzheimer's disease,3.739,1.87,https://diseases.jensenlab.org/Entity?documents=10&type1=9606&id1=ENSP00000307134&type2=-26&id2=DOID:10652
ENSP00000309968,ADAM17,DOID:10652,Alzheimer's disease,4.941,2.471,https://diseases.jensenlab.org/Entity?documents=10&type1=9606&id1=ENSP00000309968&type2=-26&id2=DOID:10652
ENSP00000312814,KCTD2,DOID:10652,Alzheimer's disease,3.048,1.524,https://diseases.jensenlab.org/Entity?documents=10&type1=9606&id1=ENSP00000312814&type2=-26&id2=DOID:10652
ENSP00000312942,SEZ6,DOID:10652,Alzheimer's disease,3.374,1.687,https://diseases.jensenlab.org/Entity?documents=10&type1=9606&id1=ENSP00000312942&type2=-26&id2=DOID:10652
ENSP00000314499,GAK,DOID:10652,Alzheimer's disease,3.434,1.717,https://diseases.jensenlab.org/Entity?documents=10&type1=9606&id1=ENSP00000314499&type2=-26&id2=DOID:10652
ENSP00000314508,GBA,DOID:10652,Alzheimer's disease,5.024,2.512,https://diseases.jensenlab.org/Entity?documents=10&type1=9606&id1=ENSP00000314508&type2=-26&id2=DOID:10652
ENSP00000315130,CLU,DOID:10652,Alzheimer's disease,6.457,3.229,https://diseases.jensenlab.org/Entity?documents=10&type1=9606&id1=ENSP00000315130&type2=-26&id2=DOID:10652
ENSP00000315136,APBA3,DOID:10652,Alzheimer's disease,3.371,1.686,https://diseases.jensenlab.org/Entity?documents=10&type1=9606&id1=ENSP00000315136&type2=-26&id2=DOID:10652
ENSP00000316779,BIN1,DOID:10652,Alzheimer's disease,5.844,2.922,https://diseases.jensenlab.org/Entity?documents=10&type1=9606&id1=ENSP00000316779&type2=-26&id2=DOID:10652
ENSP00000317971,WDTC1,DOID:10652,Alzheimer's disease,3.319,1.66,https://diseases.jensenlab.org/Entity?documents=10&type1=9606&id1=ENSP00000317971&type2=-26&id2=DOID:10652
ENSP00000318585,BACE1,DOID:10652,Alzheimer's disease,7.924,3.962,https://diseases.jensenlab.org/Entity?documents=10&type1=9606&id1=ENSP00000318585&type2=-26&id2=DOID:10652
ENSP00000321971,RHOT2,DOID:10652,Alzheimer's disease,3.59,1.795,https://diseases.jensenlab.org/Entity?documents=10&type1=9606&id1=ENSP00000321971&type2=-26&id2=DOID:10652
ENSP00000322775,RHBDF2,DOID:10652,Alzheimer's disease,3.351,1.676,https://diseases.jensenlab.org/Entity?documents=10&type1=9606&id1=ENSP00000322775&type2=-26&id2=DOID:10652
ENSP00000323929,A2M,DOID:10652,Alzheimer's disease,5.187,2.594,https://diseases.jensenlab.org/Entity?documents=10&type1=9606&id1=ENSP00000323929&type2=-26&id2=DOID:10652
ENSP00000324901,IQCK,DOID:10652,Alzheimer's disease,3.642,1.821,https://diseases.jensenlab.org/Entity?documents=10&type1=9606&id1=ENSP00000324901&type2=-26&id2=DOID:10652
ENSP00000325421,PARL,DOID:10652,Alzheimer's disease,3.785,1.893,https://diseases.jensenlab.org/Entity?documents=10&type1=9606&id1=ENSP00000325421&type2=-26&id2=DOID:10652
ENSP00000326366,PSEN1,DOID:10652,Alzheimer's disease,8.064,4.0,https://diseases.jensenlab.org/Entity?documents=10&type1=9606&id1=ENSP00000326366&type2=-26&id2=DOID:10652
ENSP00000327214,ATP13A2,DOID:10652,Alzheimer's disease,4.901,2.45,https://diseases.jensenlab.org/Entity?documents=10&type1=9606&id1=ENSP00000327214&type2=-26&id2=DOID:10652
ENSP00000329684,GALR2,DOID:10652,Alzheimer's disease,3.567,1.783,https://diseases.jensenlab.org/Entity?documents=10&type1=9606&id1=ENSP00000329684&type2=-26&id2=DOID:10652
ENSP00000329926,CALHM1,DOID:10652,Alzheimer's disease,4.696,2.348,https://diseases.jensenlab.org/Entity?documents=10&type1=9606&id1=ENSP00000329926&type2=-26&id2=DOID:10652
ENSP00000332979,BACE2,DOID:10652,Alzheimer's disease,5.638,2.819,https://diseases.jensenlab.org/Entity?documents=10&type1=9606&id1=ENSP00000332979&type2=-26&id2=DOID:10652
ENSP00000334002,HAP1,DOID:10652,Alzheimer's disease,3.339,1.669,https://diseases.jensenlab.org/Entity?documents=10&type1=9606&id1=ENSP00000334002&type2=-26&id2=DOID:10652
ENSP00000338648,MS4A4A,DOID:10652,Alzheimer's disease,4.329,2.164,https://diseases.jensenlab.org/Entity?documents=10&type1=9606&id1=ENSP00000338648&type2=-26&id2=DOID:10652
ENSP00000338814,BAG5,DOID:10652,Alzheimer's disease,3.085,1.542,https://diseases.jensenlab.org/Entity?documents=10&type1=9606&id1=ENSP00000338814&type2=-26&id2=DOID:10652
ENSP00000340226,LMX1A,DOID:10652,Alzheimer's disease,3.809,1.904,https://diseases.jensenlab.org/Entity?documents=10&type1=9606&id1=ENSP00000340226&type2=-26&id2=DOID:10652
ENSP00000340278,PARK7,DOID:10652,Alzheimer's disease,5.935,2.967,https://diseases.jensenlab.org/Entity?documents=10&type1=9606&id1=ENSP00000340278&type2=-26&id2=DOID:10652
ENSP00000340373,DYRK1A,DOID:10652,Alzheimer's disease,5.324,2.662,https://diseases.jensenlab.org/Entity?documents=10&type1=9606&id1=ENSP00000340373&type2=-26&id2=DOID:10652
ENSP00000340684,MAOA,DOID:10652,Alzheimer's disease,5.92,2.96,https://diseases.jensenlab.org/Entity?documents=10&type1=9606&id1=ENSP00000340684&type2=-26&id2=DOID:10652
ENSP00000340820,MAPT,DOID:10652,Alzheimer's disease,8.109,4.0,https://diseases.jensenlab.org/Entity?documents=10&type1=9606&id1=ENSP00000340820&type2=-26&id2=DOID:10652
ENSP00000341821,FPR3,DOID:10652,Alzheimer's disease,3.198,1.599,https://diseases.jensenlab.org/Entity?documents=10&type1=9606&id1=ENSP00000341821&type2=-26&id2=DOID:10652
ENSP00000342858,FERMT2,DOID:10652,Alzheimer's disease,4.338,2.169,https://diseases.jensenlab.org/Entity?documents=10&type1=9606&id1=ENSP00000342858&type2=-26&id2=DOID:10652
ENSP00000343445,SERPINB4,DOID:10652,Alzheimer's disease,3.325,1.663,https://diseases.jensenlab.org/Entity?documents=10&type1=9606&id1=ENSP00000343445&type2=-26&id2=DOID:10652
ENSP00000344155,ABCA2,DOID:10652,Alzheimer's disease,3.854,1.927,https://diseases.jensenlab.org/Entity?documents=10&type1=9606&id1=ENSP00000344155&type2=-26&id2=DOID:10652
ENSP00000344479,NR4A2,DOID:10652,Alzheimer's disease,4.831,2.415,https://diseases.jensenlab.org/Entity?documents=10&type1=9606&id1=ENSP00000344479&type2=-26&id2=DOID:10652
ENSP00000344829,QPCT,DOID:10652,Alzheimer's disease,4.544,2.272,https://diseases.jensenlab.org/Entity?documents=10&type1=9606&id1=ENSP00000344829&type2=-26&id2=DOID:10652
ENSP00000345179,APOD,DOID:10652,Alzheimer's disease,4.733,2.367,https://diseases.jensenlab.org/Entity?documents=10&type1=9606&id1=ENSP00000345179&type2=-26&id2=DOID:10652
ENSP00000346378,APBB3,DOID:10652,Alzheimer's disease,3.766,1.883,https://diseases.jensenlab.org/Entity?documents=10&type1=9606&id1=ENSP00000346378&type2=-26&id2=DOID:10652
ENSP00000347591,GFRA1,DOID:10652,Alzheimer's disease,3.191,1.595,https://diseases.jensenlab.org/Entity?documents=10&type1=9606&id1=ENSP00000347591&type2=-26&id2=DOID:10652
ENSP00000348573,AKAP9,DOID:10652,Alzheimer's disease,3.266,1.633,https://diseases.jensenlab.org/Entity?documents=10&type1=9606&id1=ENSP00000348573&type2=-26&id2=DOID:10652
ENSP00000349022,ARC,DOID:10652,Alzheimer's disease,4.845,2.422,https://diseases.jensenlab.org/Entity?documents=10&type1=9606&id1=ENSP00000349022&type2=-26&id2=DOID:10652
ENSP00000349884,GALP,DOID:10652,Alzheimer's disease,3.168,1.584,https://diseases.jensenlab.org/Entity?documents=10&type1=9606&id1=ENSP00000349884&type2=-26&id2=DOID:10652
ENSP00000350032,FRMD4A,DOID:10652,Alzheimer's disease,3.195,1.598,https://diseases.jensenlab.org/Entity?documents=10&type1=9606&id1=ENSP00000350032&type2=-26&id2=DOID:10652
ENSP00000350066,ECE2,DOID:10652,Alzheimer's disease,4.676,2.338,https://diseases.jensenlab.org/Entity?documents=10&type1=9606&id1=ENSP00000350066&type2=-26&id2=DOID:10652
ENSP00000350425,APOA4,DOID:10652,Alzheimer's disease,3.637,1.819,https://diseases.jensenlab.org/Entity?documents=10&type1=9606&id1=ENSP00000350425&type2=-26&id2=DOID:10652
ENSP00000351342,PTPN5,DOID:10652,Alzheimer's disease,4.474,2.237,https://diseases.jensenlab.org/Entity?documents=10&type1=9606&id1=ENSP00000351342&type2=-26&id2=DOID:10652
ENSP00000352264,CD2AP,DOID:10652,Alzheimer's disease,5.234,2.617,https://diseases.jensenlab.org/Entity?documents=10&type1=9606&id1=ENSP00000352264&type2=-26&id2=DOID:10652
ENSP00000352424,TIAF1,DOID:10652,Alzheimer's disease,3.406,1.703,https://diseases.jensenlab.org/Entity?documents=10&type1=9606&id1=ENSP00000352424&type2=-26&id2=DOID:10652
ENSP00000352601,LRP10,DOID:10652,Alzheimer's disease,3.294,1.647,https://diseases.jensenlab.org/Entity?documents=10&type1=9606&id1=ENSP00000352601&type2=-26&id2=DOID:10652
ENSP00000353462,CASS4,DOID:10652,Alzheimer's disease,4.528,2.264,https://diseases.jensenlab.org/Entity?documents=10&type1=9606&id1=ENSP00000353462&type2=-26&id2=DOID:10652
ENSP00000354346,MATR3-2,DOID:10652,Alzheimer's disease,3.673,1.836,https://diseases.jensenlab.org/Entity?documents=10&type1=9606&id1=ENSP00000354346&type2=-26&id2=DOID:10652
ENSP00000354511,COMT,DOID:10652,Alzheimer's disease,5.214,2.607,https://diseases.jensenlab.org/Entity?documents=10&type1=9606&id1=ENSP00000354511&type2=-26&id2=DOID:10652
ENSP00000354859,DRD2,DOID:10652,Alzheimer's disease,5.015,2.507,https://diseases.jensenlab.org/Entity?documents=10&type1=9606&id1=ENSP00000354859&type2=-26&id2=DOID:10652
ENSP00000354952,GAB2,DOID:10652,Alzheimer's disease,3.971,1.985,https://diseases.jensenlab.org/Entity?documents=10&type1=9606&id1=ENSP00000354952&type2=-26&id2=DOID:10652
ENSP00000354995,ABCG1,DOID:10652,Alzheimer's disease,4.352,2.176,https://diseases.jensenlab.org/Entity?documents=10&type1=9606&id1=ENSP00000354995&type2=-26&id2=DOID:10652
ENSP00000355110,SMOC1,DOID:10652,Alzheimer's disease,3.02,1.51,https://diseases.jensenlab.org/Entity?documents=10&type1=9606&id1=ENSP00000355110&type2=-26&id2=DOID:10652
ENSP00000355187,LRRTM3,DOID:10652,Alzheimer's disease,3.649,1.824,https://diseases.jensenlab.org/Entity?documents=10&type1=9606&id1=ENSP00000355187&type2=-26&id2=DOID:10652
ENSP00000355747,PSEN2,DOID:10652,Alzheimer's disease,7.33,3.665,https://diseases.jensenlab.org/Entity?documents=10&type1=9606&id1=ENSP00000355747&type2=-26&id2=DOID:10652
ENSP00000355865,PRKN,DOID:10652,Alzheimer's disease,6.068,3.034,https://diseases.jensenlab.org/Entity?documents=10&type1=9606&id1=ENSP00000355865&type2=-26&id2=DOID:10652
ENSP00000356016,CR1,DOID:10652,Alzheimer's disease,3.314,1.657,https://diseases.jensenlab.org/Entity?documents=10&type1=9606&id1=ENSP00000356016&type2=-26&id2=DOID:10652
ENSP00000356107,RAB29,DOID:10652,Alzheimer's disease,3.812,1.906,https://diseases.jensenlab.org/Entity?documents=10&type1=9606&id1=ENSP00000356107&type2=-26&id2=DOID:10652
ENSP00000356591,SOAT1,DOID:10652,Alzheimer's disease,3.941,1.97,https://diseases.jensenlab.org/Entity?documents=10&type1=9606&id1=ENSP00000356591&type2=-26&id2=DOID:10652
ENSP00000357307,SYT11,DOID:10652,Alzheimer's disease,3.604,1.802,https://diseases.jensenlab.org/Entity?documents=10&type1=9606&id1=ENSP00000357307&type2=-26&id2=DOID:10652
ENSP00000358105,APH1A,DOID:10652,Alzheimer's disease,6.065,3.032,https://diseases.jensenlab.org/Entity?documents=10&type1=9606&id1=ENSP00000358105&type2=-26&id2=DOID:10652
ENSP00000358466,RAB39B,DOID:10652,Alzheimer's disease,3.293,1.647,https://diseases.jensenlab.org/Entity?documents=10&type1=9606&id1=ENSP00000358466&type2=-26&id2=DOID:10652
ENSP00000358715,SORCS3,DOID:10652,Alzheimer's disease,3.822,1.911,https://diseases.jensenlab.org/Entity?documents=10&type1=9606&id1=ENSP00000358715&type2=-26&id2=DOID:10652
ENSP00000359019,PITX3,DOID:10652,Alzheimer's disease,3.821,1.91,https://diseases.jensenlab.org/Entity?documents=10&type1=9606&id1=ENSP00000359019&type2=-26&id2=DOID:10652
ENSP00000359563,CDR1,DOID:10652,Alzheimer's disease,4.973,2.486,https://diseases.jensenlab.org/Entity?documents=10&type1=9606&id1=ENSP00000359563&type2=-26&id2=DOID:10652
ENSP00000360108,DNAJC6,DOID:10652,Alzheimer's disease,3.832,1.916,https://diseases.jensenlab.org/Entity?documents=10&type1=9606&id1=ENSP00000360108&type2=-26&id2=DOID:10652
ENSP00000360147,XPNPEP2,DOID:10652,Alzheimer's disease,3.916,1.958,https://diseases.jensenlab.org/Entity?documents=10&type1=9606&id1=ENSP00000360147&type2=-26&id2=DOID:10652
ENSP00000360316,DHCR24,DOID:10652,Alzheimer's disease,4.65,2.325,https://diseases.jensenlab.org/Entity?documents=10&type1=9606&id1=ENSP00000360316&type2=-26&id2=DOID:10652
ENSP00000360918,CH25H,DOID:10652,Alzheimer's disease,3.842,1.921,https://diseases.jensenlab.org/Entity?documents=10&type1=9606&id1=ENSP00000360918&type2=-26&id2=DOID:10652
ENSP00000361231,TSPAN14,DOID:10652,Alzheimer's disease,3.18,1.59,https://diseases.jensenlab.org/Entity?documents=10&type1=9606&id1=ENSP00000361231&type2=-26&id2=DOID:10652
ENSP00000361895,MFSD2A,DOID:10652,Alzheimer's disease,4.21,2.105,https://diseases.jensenlab.org/Entity?documents=10&type1=9606&id1=ENSP00000361895&type2=-26&id2=DOID:10652
ENSP00000362186,PCDH11X,DOID:10652,Alzheimer's disease,3.864,1.932,https://diseases.jensenlab.org/Entity?documents=10&type1=9606&id1=ENSP00000362186&type2=-26&id2=DOID:10652
ENSP00000362205,TREM2,DOID:10652,Alzheimer's disease,7.049,3.524,https://diseases.jensenlab.org/Entity?documents=10&type1=9606&id1=ENSP00000362205&type2=-26&id2=DOID:10652
ENSP00000363136,GPR3,DOID:10652,Alzheimer's disease,3.92,1.96,https://diseases.jensenlab.org/Entity?documents=10&type1=9606&id1=ENSP00000363136&type2=-26&id2=DOID:10652
ENSP00000363640,PHF1,DOID:10652,Alzheimer's disease,5.784,2.892,https://diseases.jensenlab.org/Entity?documents=10&type1=9606&id1=ENSP00000363640&type2=-26&id2=DOID:10652
ENSP00000363868,ABCA1,DOID:10652,Alzheimer's disease,5.43,2.715,https://diseases.jensenlab.org/Entity?documents=10&type1=9606&id1=ENSP00000363868&type2=-26&id2=DOID:10652
ENSP00000364028,ECE1,DOID:10652,Alzheimer's disease,4.595,2.297,https://diseases.jensenlab.org/Entity?documents=10&type1=9606&id1=ENSP00000364028&type2=-26&id2=DOID:10652
ENSP00000364114,HLA-DRB5,DOID:10652,Alzheimer's disease,4.215,2.108,https://diseases.jensenlab.org/Entity?documents=10&type1=9606&id1=ENSP00000364114&type2=-26&id2=DOID:10652
ENSP00000364204,PINK1,DOID:10652,Alzheimer's disease,6.188,3.094,https://diseases.jensenlab.org/Entity?documents=10&type1=9606&id1=ENSP00000364204&type2=-26&id2=DOID:10652
ENSP00000364210,AGER,DOID:10652,Alzheimer's disease,5.701,2.85,https://diseases.jensenlab.org/Entity?documents=10&type1=9606&id1=ENSP00000364210&type2=-26&id2=DOID:10652
ENSP00000365081,APOM,DOID:10652,Alzheimer's disease,3.013,1.507,https://diseases.jensenlab.org/Entity?documents=10&type1=9606&id1=ENSP00000365081&type2=-26&id2=DOID:10652
ENSP00000366513,CLSTN1,DOID:10652,Alzheimer's disease,4.029,2.015,https://diseases.jensenlab.org/Entity?documents=10&type1=9606&id1=ENSP00000366513&type2=-26&id2=DOID:10652
ENSP00000366876,PHF13,DOID:10652,Alzheimer's disease,3.652,1.826,https://diseases.jensenlab.org/Entity?documents=10&type1=9606&id1=ENSP00000366876&type2=-26&id2=DOID:10652
ENSP00000367309,MAOB,DOID:10652,Alzheimer's disease,6.325,3.163,https://diseases.jensenlab.org/Entity?documents=10&type1=9606&id1=ENSP00000367309&type2=-26&id2=DOID:10652
ENSP00000367668,MMEL1,DOID:10652,Alzheimer's disease,6.166,3.083,https://diseases.jensenlab.org/Entity?documents=10&type1=9606&id1=ENSP00000367668&type2=-26&id2=DOID:10652
ENSP00000368517,ECHDC3,DOID:10652,Alzheimer's disease,3.412,1.706,https://diseases.jensenlab.org/Entity?documents=10&type1=9606&id1=ENSP00000368517&type2=-26&id2=DOID:10652
ENSP00000368758,CTXN3,DOID:10652,Alzheimer's disease,3.246,1.623,https://diseases.jensenlab.org/Entity?documents=10&type1=9606&id1=ENSP00000368758&type2=-26&id2=DOID:10652
ENSP00000369981,SH3GL2,DOID:10652,Alzheimer's disease,3.82,1.91,https://diseases.jensenlab.org/Entity?documents=10&type1=9606&id1=ENSP00000369981&type2=-26&id2=DOID:10652
ENSP00000369996,ATXN3L,DOID:10652,Alzheimer's disease,4.468,2.234,https://diseases.jensenlab.org/Entity?documents=10&type1=9606&id1=ENSP00000369996&type2=-26&id2=DOID:10652
ENSP00000370527,RCAN1,DOID:10652,Alzheimer's disease,4.746,2.373,https://diseases.jensenlab.org/Entity?documents=10&type1=9606&id1=ENSP00000370527&type2=-26&id2=DOID:10652
ENSP00000370571,TH,DOID:10652,Alzheimer's disease,6.021,3.011,https://diseases.jensenlab.org/Entity?documents=10&type1=9606&id1=ENSP00000370571&type2=-26&id2=DOID:10652
ENSP00000371175,GGA1,DOID:10652,Alzheimer's disease,3.767,1.883,https://diseases.jensenlab.org/Entity?documents=10&type1=9606&id1=ENSP00000371175&type2=-26&id2=DOID:10652
ENSP00000371267,YWHAQ,DOID:10652,Alzheimer's disease,6.636,3.318,https://diseases.jensenlab.org/Entity?documents=10&type1=9606&id1=ENSP00000371267&type2=-26&id2=DOID:10652
ENSP00000372750,CHRM5,DOID:10652,Alzheimer's disease,3.303,1.651,https://diseases.jensenlab.org/Entity?documents=10&type1=9606&id1=ENSP00000372750&type2=-26&id2=DOID:10652
ENSP00000373169,DRD3,DOID:10652,Alzheimer's disease,3.921,1.961,https://diseases.jensenlab.org/Entity?documents=10&type1=9606&id1=ENSP00000373169&type2=-26&id2=DOID:10652
ENSP00000374135,LRP1B,DOID:10652,Alzheimer's disease,3.081,1.541,https://diseases.jensenlab.org/Entity?documents=10&type1=9606&id1=ENSP00000374135&type2=-26&id2=DOID:10652
ENSP00000375682,KLK8,DOID:10652,Alzheimer's disease,3.307,1.654,https://diseases.jensenlab.org/Entity?documents=10&type1=9606&id1=ENSP00000375682&type2=-26&id2=DOID:10652
ENSP00000377015,PICALM,DOID:10652,Alzheimer's disease,6.207,3.104,https://diseases.jensenlab.org/Entity?documents=10&type1=9606&id1=ENSP00000377015&type2=-26&id2=DOID:10652
ENSP00000377148,AP1G1,DOID:10652,Alzheimer's disease,3.927,1.964,https://diseases.jensenlab.org/Entity?documents=10&type1=9606&id1=ENSP00000377148&type2=-26&id2=DOID:10652
ENSP00000377195,DBN1,DOID:10652,Alzheimer's disease,5.0,2.5,https://diseases.jensenlab.org/Entity?documents=10&type1=9606&id1=ENSP00000377195&type2=-26&id2=DOID:10652
ENSP00000377296,SNCB,DOID:10652,Alzheimer's disease,4.987,2.493,https://diseases.jensenlab.org/Entity?documents=10&type1=9606&id1=ENSP00000377296&type2=-26&id2=DOID:10652
ENSP00000377353,DRD1,DOID:10652,Alzheimer's disease,4.551,2.275,https://diseases.jensenlab.org/Entity?documents=10&type1=9606&id1=ENSP00000377353&type2=-26&id2=DOID:10652
ENSP00000377520,SYT12,DOID:10652,Alzheimer's disease,3.376,1.688,https://diseases.jensenlab.org/Entity?documents=10&type1=9606&id1=ENSP00000377520&type2=-26&id2=DOID:10652
ENSP00000378284,MATR3,DOID:10652,Alzheimer's disease,3.674,1.837,https://diseases.jensenlab.org/Entity?documents=10&type1=9606&id1=ENSP00000378284&type2=-26&id2=DOID:10652
ENSP00000378306,PPP3CB,DOID:10652,Alzheimer's disease,3.779,1.889,https://diseases.jensenlab.org/Entity?documents=10&type1=9606&id1=ENSP00000378306&type2=-26&id2=DOID:10652
ENSP00000378812,CHCHD2,DOID:10652,Alzheimer's disease,3.687,1.844,https://diseases.jensenlab.org/Entity?documents=10&type1=9606&id1=ENSP00000378812&type2=-26&id2=DOID:10652
ENSP00000380638,PTK2B,DOID:10652,Alzheimer's disease,4.846,2.423,https://diseases.jensenlab.org/Entity?documents=10&type1=9606&id1=ENSP00000380638&type2=-26&id2=DOID:10652
ENSP00000381109,ZCWPW1,DOID:10652,Alzheimer's disease,4.599,2.3,https://diseases.jensenlab.org/Entity?documents=10&type1=9606&id1=ENSP00000381109&type2=-26&id2=DOID:10652
ENSP00000381237,HM13,DOID:10652,Alzheimer's disease,4.667,2.334,https://diseases.jensenlab.org/Entity?documents=10&type1=9606&id1=ENSP00000381237&type2=-26&id2=DOID:10652
ENSP00000381981,TTC3,DOID:10652,Alzheimer's disease,3.415,1.708,https://diseases.jensenlab.org/Entity?documents=10&type1=9606&id1=ENSP00000381981&type2=-26&id2=DOID:10652
ENSP00000382021,LCMT1,DOID:10652,Alzheimer's disease,3.767,1.883,https://diseases.jensenlab.org/Entity?documents=10&type1=9606&id1=ENSP00000382021&type2=-26&id2=DOID:10652
ENSP00000382083,COL25A1,DOID:10652,Alzheimer's disease,3.562,1.781,https://diseases.jensenlab.org/Entity?documents=10&type1=9606&id1=ENSP00000382083&type2=-26&id2=DOID:10652
ENSP00000383392,NCAM2,DOID:10652,Alzheimer's disease,3.104,1.552,https://diseases.jensenlab.org/Entity?documents=10&type1=9606&id1=ENSP00000383392&type2=-26&id2=DOID:10652
ENSP00000384223,ECE2-2,DOID:10652,Alzheimer's disease,3.955,1.977,https://diseases.jensenlab.org/Entity?documents=10&type1=9606&id1=ENSP00000384223&type2=-26&id2=DOID:10652
ENSP00000384719,VSNL1,DOID:10652,Alzheimer's disease,4.797,2.399,https://diseases.jensenlab.org/Entity?documents=10&type1=9606&id1=ENSP00000384719&type2=-26&id2=DOID:10652
ENSP00000385477,CLDN5,DOID:10652,Alzheimer's disease,5.504,2.752,https://diseases.jensenlab.org/Entity?documents=10&type1=9606&id1=ENSP00000385477&type2=-26&id2=DOID:10652
ENSP00000387050,PLD3,DOID:10652,Alzheimer's disease,4.876,2.438,https://diseases.jensenlab.org/Entity?documents=10&type1=9606&id1=ENSP00000387050&type2=-26&id2=DOID:10652
ENSP00000387170,GIGYF2,DOID:10652,Alzheimer's disease,3.214,1.607,https://diseases.jensenlab.org/Entity?documents=10&type1=9606&id1=ENSP00000387170&type2=-26&id2=DOID:10652
ENSP00000389714,CTNNA3,DOID:10652,Alzheimer's disease,3.43,1.715,https://diseases.jensenlab.org/Entity?documents=10&type1=9606&id1=ENSP00000389714&type2=-26&id2=DOID:10652
ENSP00000391748,PILRB,DOID:10652,Alzheimer's disease,3.079,1.54,https://diseases.jensenlab.org/Entity?documents=10&type1=9606&id1=ENSP00000391748&type2=-26&id2=DOID:10652
ENSP00000392423,RELN,DOID:10652,Alzheimer's disease,5.474,2.737,https://diseases.jensenlab.org/Entity?documents=10&type1=9606&id1=ENSP00000392423&type2=-26&id2=DOID:10652
ENSP00000400341,FOXA2,DOID:10652,Alzheimer's disease,3.48,1.74,https://diseases.jensenlab.org/Entity?documents=10&type1=9606&id1=ENSP00000400341&type2=-26&id2=DOID:10652
ENSP00000402460,CLSTN2,DOID:10652,Alzheimer's disease,3.09,1.545,https://diseases.jensenlab.org/Entity?documents=10&type1=9606&id1=ENSP00000402460&type2=-26&id2=DOID:10652
ENSP00000403644,DDC,DOID:10652,Alzheimer's disease,4.364,2.182,https://diseases.jensenlab.org/Entity?documents=10&type1=9606&id1=ENSP00000403644&type2=-26&id2=DOID:10652
ENSP00000405338,INPP5D,DOID:10652,Alzheimer's disease,4.651,2.325,https://diseases.jensenlab.org/Entity?documents=10&type1=9606&id1=ENSP00000405338&type2=-26&id2=DOID:10652
ENSP00000405453,MSR1,DOID:10652,Alzheimer's disease,3.801,1.9,https://diseases.jensenlab.org/Entity?documents=10&type1=9606&id1=ENSP00000405453&type2=-26&id2=DOID:10652
ENSP00000406022,UNC5C,DOID:10652,Alzheimer's disease,3.848,1.924,https://diseases.jensenlab.org/Entity?documents=10&type1=9606&id1=ENSP00000406022&type2=-26&id2=DOID:10652
ENSP00000406220,SLC13A5,DOID:10652,Alzheimer's disease,3.002,1.501,https://diseases.jensenlab.org/Entity?documents=10&type1=9606&id1=ENSP00000406220&type2=-26&id2=DOID:10652
ENSP00000406986,GPR6,DOID:10652,Alzheimer's disease,3.534,1.767,https://diseases.jensenlab.org/Entity?documents=10&type1=9606&id1=ENSP00000406986&type2=-26&id2=DOID:10652
ENSP00000409667,SYNJ1,DOID:10652,Alzheimer's disease,4.789,2.395,https://diseases.jensenlab.org/Entity?documents=10&type1=9606&id1=ENSP00000409667&type2=-26&id2=DOID:10652
ENSP00000410339,TOMM40,DOID:10652,Alzheimer's disease,5.858,2.929,https://diseases.jensenlab.org/Entity?documents=10&type1=9606&id1=ENSP00000410339&type2=-26&id2=DOID:10652
ENSP00000411268,BEND3,DOID:10652,Alzheimer's disease,3.618,1.809,https://diseases.jensenlab.org/Entity?documents=10&type1=9606&id1=ENSP00000411268&type2=-26&id2=DOID:10652
ENSP00000412361,SIGLEC11,DOID:10652,Alzheimer's disease,3.235,1.618,https://diseases.jensenlab.org/Entity?documents=10&type1=9606&id1=ENSP00000412361&type2=-26&id2=DOID:10652
ENSP00000418525,MME,DOID:10652,Alzheimer's disease,5.61,2.805,https://diseases.jensenlab.org/Entity?documents=10&type1=9606&id1=ENSP00000418525&type2=-26&id2=DOID:10652
ENSP00000418767,TREML2,DOID:10652,Alzheimer's disease,3.653,1.826,https://diseases.jensenlab.org/Entity?documents=10&type1=9606&id1=ENSP00000418767&type2=-26&id2=DOID:10652
ENSP00000419395,CDNF,DOID:10652,Alzheimer's disease,3.688,1.844,https://diseases.jensenlab.org/Entity?documents=10&type1=9606&id1=ENSP00000419395&type2=-26&id2=DOID:10652
ENSP00000419446,ADAM9,DOID:10652,Alzheimer's disease,4.126,2.063,https://diseases.jensenlab.org/Entity?documents=10&type1=9606&id1=ENSP00000419446&type2=-26&id2=DOID:10652
ENSP00000419782,CDK5,DOID:10652,Alzheimer's disease,6.631,3.315,https://diseases.jensenlab.org/Entity?documents=10&type1=9606&id1=ENSP00000419782&type2=-26&id2=DOID:10652
ENSP00000421736,CR1L,DOID:10652,Alzheimer's disease,4.06,2.03,https://diseases.jensenlab.org/Entity?documents=10&type1=9606&id1=ENSP00000421736&type2=-26&id2=DOID:10652
ENSP00000423541,SV2C,DOID:10652,Alzheimer's disease,3.258,1.629,https://diseases.jensenlab.org/Entity?documents=10&type1=9606&id1=ENSP00000423541&type2=-26&id2=DOID:10652
ENSP00000424757,NEK1,DOID:10652,Alzheimer's disease,3.158,1.579,https://diseases.jensenlab.org/Entity?documents=10&type1=9606&id1=ENSP00000424757&type2=-26&id2=DOID:10652
ENSP00000427211,APBB2,DOID:10652,Alzheimer's disease,4.254,2.127,https://diseases.jensenlab.org/Entity?documents=10&type1=9606&id1=ENSP00000427211&type2=-26&id2=DOID:10652
ENSP00000427772,WWC1,DOID:10652,Alzheimer's disease,4.005,2.003,https://diseases.jensenlab.org/Entity?documents=10&type1=9606&id1=ENSP00000427772&type2=-26&id2=DOID:10652
ENSP00000431840,SLC24A4,DOID:10652,Alzheimer's disease,4.334,2.167,https://diseases.jensenlab.org/Entity?documents=10&type1=9606&id1=ENSP00000431840&type2=-26&id2=DOID:10652
ENSP00000435844,MS4A6A,DOID:10652,Alzheimer's disease,5.26,2.63,https://diseases.jensenlab.org/Entity?documents=10&type1=9606&id1=ENSP00000435844&type2=-26&id2=DOID:10652
ENSP00000438085,GGA3,DOID:10652,Alzheimer's disease,3.825,1.912,https://diseases.jensenlab.org/Entity?documents=10&type1=9606&id1=ENSP00000438085&type2=-26&id2=DOID:10652
ENSP00000440556,GRM4,DOID:10652,Alzheimer's disease,3.695,1.847,https://diseases.jensenlab.org/Entity?documents=10&type1=9606&id1=ENSP00000440556&type2=-26&id2=DOID:10652
ENSP00000446007,VIM,DOID:10652,Alzheimer's disease,3.917,1.959,https://diseases.jensenlab.org/Entity?documents=10&type1=9606&id1=ENSP00000446007&type2=-26&id2=DOID:10652
ENSP00000448182,TBC1D15,DOID:10652,Alzheimer's disease,3.021,1.51,https://diseases.jensenlab.org/Entity?documents=10&type1=9606&id1=ENSP00000448182&type2=-26&id2=DOID:10652
ENSP00000449629,ANKS1B,DOID:10652,Alzheimer's disease,3.252,1.626,https://diseases.jensenlab.org/Entity?documents=10&type1=9606&id1=ENSP00000449629&type2=-26&id2=DOID:10652
ENSP00000450482,BDKRB2,DOID:10652,Alzheimer's disease,3.271,1.635,https://diseases.jensenlab.org/Entity?documents=10&type1=9606&id1=ENSP00000450482&type2=-26&id2=DOID:10652
ENSP00000450540,SERPINA3,DOID:10652,Alzheimer's disease,5.259,2.629,https://diseases.jensenlab.org/Entity?documents=10&type1=9606&id1=ENSP00000450540&type2=-26&id2=DOID:10652
ENSP00000453293,APBA2,DOID:10652,Alzheimer's disease,4.214,2.107,https://diseases.jensenlab.org/Entity?documents=10&type1=9606&id1=ENSP00000453293&type2=-26&id2=DOID:10652
ENSP00000454071,LDLR,DOID:10652,Alzheimer's disease,5.015,2.508,https://diseases.jensenlab.org/Entity?documents=10&type1=9606&id1=ENSP00000454071&type2=-26&id2=DOID:10652
ENSP00000454407,GOLGA6L2,DOID:10652,Alzheimer's disease,3.303,1.652,https://diseases.jensenlab.org/Entity?documents=10&type1=9606&id1=ENSP00000454407&type2=-26&id2=DOID:10652
ENSP00000460236,SPON1,DOID:10652,Alzheimer's disease,3.807,1.903,https://diseases.jensenlab.org/Entity?documents=10&type1=9606&id1=ENSP00000460236&type2=-26&id2=DOID:10652
ENSP00000461269,SCIMP,DOID:10652,Alzheimer's disease,3.114,1.557,https://diseases.jensenlab.org/Entity?documents=10&type1=9606&id1=ENSP00000461269&type2=-26&id2=DOID:10652
ENSP00000465356,APOC1,DOID:10652,Alzheimer's disease,5.047,2.524,https://diseases.jensenlab.org/Entity?documents=10&type1=9606&id1=ENSP00000465356&type2=-26&id2=DOID:10652
ENSP00000465419,TJP3,DOID:10652,Alzheimer's disease,3.282,1.641,https://diseases.jensenlab.org/Entity?documents=10&type1=9606&id1=ENSP00000465419&type2=-26&id2=DOID:10652
ENSP00000466775,APOC2,DOID:10652,Alzheimer's disease,3.852,1.926,https://diseases.jensenlab.org/Entity?documents=10&type1=9606&id1=ENSP00000466775&type2=-26&id2=DOID:10652
ENSP00000468236,APOC4,DOID:10652,Alzheimer's disease,3.273,1.637,https://diseases.jensenlab.org/Entity?documents=10&type1=9606&id1=ENSP00000468236&type2=-26&id2=DOID:10652
ENSP00000468411,PSENEN,DOID:10652,Alzheimer's disease,6.081,3.04,https://diseases.jensenlab.org/Entity?documents=10&type1=9606&id1=ENSP00000468411&type2=-26&id2=DOID:10652
ENSP00000468897,FPR2,DOID:10652,Alzheimer's disease,4.541,2.271,https://diseases.jensenlab.org/Entity?documents=10&type1=9606&id1=ENSP00000468897&type2=-26&id2=DOID:10652
ENSP00000475168,RER1,DOID:10652,Alzheimer's disease,3.104,1.552,https://diseases.jensenlab.org/Entity?documents=10&type1=9606&id1=ENSP00000475168&type2=-26&id2=DOID:10652
ENSP00000475700,TM2D1,DOID:10652,Alzheimer's disease,3.236,1.618,https://diseases.jensenlab.org/Entity?documents=10&type1=9606&id1=ENSP00000475700&type2=-26&id2=DOID:10652
ENSP00000477213,APBB1,DOID:10652,Alzheimer's disease,5.691,2.845,https://diseases.jensenlab.org/Entity?documents=10&type1=9606&id1=ENSP00000477213&type2=-26&id2=DOID:10652
ENSP00000477437,KCNJ6,DOID:10652,Alzheimer's disease,3.816,1.908,https://diseases.jensenlab.org/Entity?documents=10&type1=9606&id1=ENSP00000477437&type2=-26&id2=DOID:10652
ENSP00000477796,GCH1,DOID:10652,Alzheimer's disease,3.079,1.539,https://diseases.jensenlab.org/Entity?documents=10&type1=9606&id1=ENSP00000477796&type2=-26&id2=DOID:10652
ENSP00000478253,MTHFD1L,DOID:10652,Alzheimer's disease,3.187,1.594,https://diseases.jensenlab.org/Entity?documents=10&type1=9606&id1=ENSP00000478253&type2=-26&id2=DOID:10652
ENSP00000478645,ICA1L,DOID:10652,Alzheimer's disease,3.037,1.519,https://diseases.jensenlab.org/Entity?documents=10&type1=9606&id1=ENSP00000478645&type2=-26&id2=DOID:10652
ENSP00000480012,ADORA2A,DOID:10652,Alzheimer's disease,4.819,2.41,https://diseases.jensenlab.org/Entity?documents=10&type1=9606&id1=ENSP00000480012&type2=-26&id2=DOID:10652
ENSP00000481728,ABCG4,DOID:10652,Alzheimer's disease,3.578,1.789,https://diseases.jensenlab.org/Entity?documents=10&type1=9606&id1=ENSP00000481728&type2=-26&id2=DOID:10652
ENSP00000482457,PLCG2,DOID:10652,Alzheimer's disease,4.305,2.152,https://diseases.jensenlab.org/Entity?documents=10&type1=9606&id1=ENSP00000482457&type2=-26&id2=DOID:10652
ENSP00000491227,PARL-2,DOID:10652,Alzheimer's disease,3.596,1.798,https://diseases.jensenlab.org/Entity?documents=10&type1=9606&id1=ENSP00000491227&type2=-26&id2=DOID:10652
ENSP00000493560,VPS13C,DOID:10652,Alzheimer's disease,3.573,1.786,https://diseases.jensenlab.org/Entity?documents=10&type1=9606&id1=ENSP00000493560&type2=-26&id2=DOID:10652
ENSP00000493970,ZNF746,DOID:10652,Alzheimer's disease,3.348,1.674,https://diseases.jensenlab.org/Entity?documents=10&type1=9606&id1=ENSP00000493970&type2=-26&id2=DOID:10652
ENSP00000496339,SLC18A2,DOID:10652,Alzheimer's disease,4.847,2.423,https://diseases.jensenlab.org/Entity?documents=10&type1=9606&id1=ENSP00000496339&type2=-26&id2=DOID:10652
ENSP00000496695,ATXN3,DOID:10652,Alzheimer's disease,4.632,2.316,https://diseases.jensenlab.org/Entity?documents=10&type1=9606&id1=ENSP00000496695&type2=-26&id2=DOID:10652
ENSP00000496870,LRP2,DOID:10652,Alzheimer's disease,4.311,2.155,https://diseases.jensenlab.org/Entity?documents=10&type1=9606&id1=ENSP00000496870&type2=-26&id2=DOID:10652
ENSP00000497221,ITM2B,DOID:10652,Alzheimer's disease,4.673,2.337,https://diseases.jensenlab.org/Entity?documents=10&type1=9606&id1=ENSP00000497221&type2=-26&id2=DOID:10652
ENSP00000497691,APLP2,DOID:10652,Alzheimer's disease,5.626,2.813,https://diseases.jensenlab.org/Entity?documents=10&type1=9606&id1=ENSP00000497691&type2=-26&id2=DOID:10652
ENSP00000497806,DLG4,DOID:10652,Alzheimer's disease,6.77,3.385,https://diseases.jensenlab.org/Entity?documents=10&type1=9606&id1=ENSP00000497806&type2=-26&id2=DOID:10652
ENSP00000499123,MS4A4E,DOID:10652,Alzheimer's disease,4.683,2.341,https://diseases.jensenlab.org/Entity?documents=10&type1=9606&id1=ENSP00000499123&type2=-26&id2=DOID:10652
ENSP00000499582,MANF,DOID:10652,Alzheimer's disease,3.808,1.904,https://diseases.jensenlab.org/Entity?documents=10&type1=9606&id1=ENSP00000499582&type2=-26&id2=DOID:10652
ENSP00000500990,SNCA,DOID:10652,Alzheimer's disease,7.744,3.872,https://diseases.jensenlab.org/Entity?documents=10&type1=9606&id1=ENSP00000500990&type2=-26&id2=DOID:10652
hsa-miR-298,hsa-miR-298,DOID:10652,Alzheimer's disease,3.312,1.656,https://diseases.jensenlab.org/Entity?documents=10&type1=9606&id1=hsa-miR-298&type2=-26&id2=DOID:10652
hsa-miR-485-5p,hsa-miR-485-5p,DOID:10652,Alzheimer's disease,3.454,1.727,https://diseases.jensenlab.org/Entity?documents=10&type1=9606&id1=hsa-miR-485-5p&type2=-26&id2=DOID:10652
